Sensor Name,APM,Environment,Severity,IT Owner,IT Owner Custodian,Domain,Resource Details,Issue Description,Status,Resolution,Jira Key,Issue Created,Issue Last Found,Issue Closed,Executed Automatic Action ID,Executed Automatic Action Name,Executed Automatic Action Info,Executed Automatic Action Last Edited On,Executed Automatic Action Link
AzSK,IPTIQADATA,Dev,High,S1VT7V,S97CAF,iptiQ_Americas,"{""ResourceGroup"":""iptiq-l2webapp-qa-eus2-rg"",""ResourceName"":""IPTIQ-L2WEBAPP-QA-E2-KV"",""ResourceType"":""KeyVault"",""Subscription"":""IPTIQADATA DEV""}",Azure_KeyVault_AuthN_Use_Cert_Auth_for_Apps,Open,,SPP-27828,07/14/2020 04:23 UTC,10/29/2020 05:17 UTC,,,,,,
AzSK,IPTIQADATA,NonProd,High,S1VT7V,S97CAF,iptiQ_Americas,"{""ResourceGroup"":""iptiq-medsupp-uat-eus2-rg"",""ResourceName"":""IPTIQ-MEDSEAPP-UAT-E2-KV"",""ResourceType"":""KeyVault"",""Subscription"":""IPTIQADATA NONPROD""}",Azure_KeyVault_AuthN_Use_Cert_Auth_for_Apps,Open,,SPP-23258,06/24/2020 04:08 UTC,10/29/2020 05:18 UTC,,,,,,
AzSK,IPTIQADATA,NonProd,High,S1VT7V,S97CAF,iptiQ_Americas,"{""ResourceGroup"":""iptiqa-sage-preprod-eus2-etl-rg"",""ResourceName"":""iptiqa-sds-ntsreq-factory-PREPROD"",""ResourceType"":""DataFactory"",""Subscription"":""IPTIQADATA NONPROD""}",Azure_DataFactory_DP_LinkSvc_Encrypt_In_Transit,Open,,SPP-23104,06/24/2020 04:07 UTC,10/29/2020 05:16 UTC,,,,,,
AzSK,IPTIQADATA,Dev,High,S1VT7V,S97CAF,iptiQ_Americas,"{""ResourceGroup"":""iptiqa-appservice-linux-dev-eus2-rg"",""ResourceName"":""iptiqaeappdashboardeuskv"",""ResourceType"":""KeyVault"",""Subscription"":""IPTIQADATA DEV""}",Azure_KeyVault_AuthN_Use_Cert_Auth_for_Apps,Open,,SPP-27682,07/14/2020 04:20 UTC,10/29/2020 05:15 UTC,,,,,,
AzSK,IPTIQADATA,NonProd,High,S1VT7V,S97CAF,iptiQ_Americas,"{""ResourceGroup"":""iptiqa-uapi-preprod-eus2-rg"",""ResourceName"":""iptiqproddrtest"",""ResourceType"":""SQLDatabase"",""Subscription"":""IPTIQADATA NONPROD""}",Azure_SQLDatabase_AuthZ_Use_AAD_Admin,Open,,SPP-28951,07/16/2020 04:14 UTC,07/20/2020 04:12 UTC,,,,,,
AzSK,IPTIQADATA,NonProd,High,S1VT7V,S97CAF,iptiQ_Americas,"{""ResourceType"":""Subscription"",""Subscription"":""IPTIQADATA NONPROD""}",Azure_Subscription_AuthZ_Dont_Use_NonAD_Identities,Open,,SPP-23473,06/24/2020 04:15 UTC,10/29/2020 05:32 UTC,,,,,,
AzSK,IPTIQADATA,Dev,High,S1VT7V,S97CAF,iptiQ_Americas,"{""ResourceGroup"":""iptiqa-appservice-qa-eus2-rg"",""ResourceName"":""iptiqaeappqaeus2kv"",""ResourceType"":""KeyVault"",""Subscription"":""IPTIQADATA DEV""}",Azure_KeyVault_AuthN_Use_Cert_Auth_for_Apps,Open,,SPP-27676,07/14/2020 04:19 UTC,10/29/2020 05:15 UTC,,,,,,
AzSK,IPTIQADATA,Dev,High,S1VT7V,S97CAF,iptiQ_Americas,"{""ResourceGroup"":""iptiqa-sage-etl-qa-eus2-rg"",""ResourceName"":""iptiqa-sds-psg-xml-factory-QA"",""ResourceType"":""DataFactory"",""Subscription"":""IPTIQADATA DEV""}",Azure_DataFactory_DP_LinkSvc_Encrypt_In_Transit,Open,,SPP-27571,07/14/2020 04:17 UTC,10/29/2020 05:13 UTC,,,,,,
AzSK,IPTIQADATA,Dev,High,S1VT7V,S97CAF,iptiQ_Americas,"{""ResourceGroup"":""iptiq-uapi-dev-eus2-rg"",""ResourceName"":""IPTIQA-UAPI-DEV-EUS2-KV"",""ResourceType"":""KeyVault"",""Subscription"":""IPTIQADATA DEV""}",Azure_KeyVault_AuthN_Use_Cert_Auth_for_Apps,Open,,SPP-27715,07/14/2020 04:20 UTC,10/29/2020 05:16 UTC,,,,,,
AzSK,IPTIQADATA,NonProd,High,S1VT7V,S97CAF,iptiQ_Americas,"{""ResourceGroup"":""iptiqa-sage-preprod-eus2-etl-rg"",""ResourceName"":""iptiqa-sage-deidentification-PREPROD"",""ResourceType"":""DataFactory"",""Subscription"":""IPTIQADATA NONPROD""}",Azure_DataFactory_DP_LinkSvc_Encrypt_In_Transit,Open,,SPP-23123,06/24/2020 04:07 UTC,10/29/2020 05:17 UTC,,,,,,
AzSK,IPTIQADATA,Dev,High,S1VT7V,S97CAF,iptiQ_Americas,"{""ResourceGroup"":""iptiqa-sage-qa-eus2-admin-rg"",""ResourceName"":""iptiqaqaeus2infrakv"",""ResourceType"":""KeyVault"",""Subscription"":""IPTIQADATA DEV""}",Azure_KeyVault_AuthN_Use_Cert_Auth_for_Apps,Open,,SPP-27550,07/14/2020 04:17 UTC,10/29/2020 05:13 UTC,,,,,,
AzSK,IPTIQADATA,Dev,High,S1VT7V,S97CAF,iptiQ_Americas,"{""ResourceGroup"":""iptiqa-appservice-dev-eus2-rg"",""ResourceName"":""iptiqaeappdeveus2kv"",""ResourceType"":""KeyVault"",""Subscription"":""IPTIQADATA DEV""}",Azure_KeyVault_AuthN_Use_Cert_Auth_for_Apps,Open,,SPP-27702,07/14/2020 04:20 UTC,10/29/2020 05:16 UTC,,,,,,
AzSK,IPTIQADATA,NonProd,High,S1VT7V,S97CAF,iptiQ_Americas,"{""ResourceGroup"":""iptiqadata-uat-admin-eus2-rg"",""ResourceName"":""iptiqadatauateus2infrakv"",""ResourceType"":""KeyVault"",""Subscription"":""IPTIQADATA NONPROD""}",Azure_KeyVault_AuthN_Use_Cert_Auth_for_Apps,Open,,SPP-23084,06/24/2020 04:06 UTC,10/29/2020 05:15 UTC,,,,,,
AzSK,IPTIQADATA,NonProd,High,S1VT7V,S97CAF,iptiQ_Americas,"{""ResourceGroup"":""iptiq-microsvc-uat-eus2-rg"",""ResourceName"":""iptiquateventsold2"",""ResourceType"":""DataFactory"",""Subscription"":""IPTIQADATA NONPROD""}",Azure_DataFactory_DP_LinkSvc_Encrypt_In_Transit,Open,,SPP-23251,06/24/2020 04:08 UTC,10/29/2020 05:18 UTC,,,,,,
AzSK,IPTIQADATA,NonProd,High,S1VT7V,S97CAF,iptiQ_Americas,"{""ResourceGroup"":""iptiqa-sage-preprod-eus2-etl-rg"",""ResourceName"":""iptiqa-sage-inc-datafactory-ftni-clover-PREPROD"",""ResourceType"":""DataFactory"",""Subscription"":""IPTIQADATA NONPROD""}",Azure_DataFactory_DP_LinkSvc_Encrypt_In_Transit,Open,,SPP-23120,06/24/2020 04:07 UTC,10/29/2020 05:16 UTC,,,,,,
AzSK,IPTIQADATA,NonProd,High,S1VT7V,S97CAF,iptiQ_Americas,"{""ResourceGroup"":""iptiqa-sage-preprod-eus2-etl-rg"",""ResourceName"":""iptiqa-ods-bob-factory-PreProd"",""ResourceType"":""DataFactory"",""Subscription"":""IPTIQADATA NONPROD""}",Azure_DataFactory_DP_LinkSvc_Encrypt_In_Transit,Open,,SPP-23126,06/24/2020 04:07 UTC,10/29/2020 05:17 UTC,,,,,,
AzSK,IPTIQADATA,NonProd,High,S1VT7V,S97CAF,iptiQ_Americas,"{""ResourceGroup"":""iptiqa-sage-preprod-eus2-etl-rg"",""ResourceName"":""iptiqa-sage-inc-datafactory-ftni-PreProd"",""ResourceType"":""DataFactory"",""Subscription"":""IPTIQADATA NONPROD""}",Azure_DataFactory_DP_LinkSvc_Encrypt_In_Transit,Open,,SPP-23119,06/24/2020 04:07 UTC,10/29/2020 05:16 UTC,,,,,,
AzSK,IPTIQADATA,Dev,High,S1VT7V,S97CAF,iptiQ_Americas,"{""ResourceGroup"":""iptiq-l2webapp-test-eus2-rg"",""ResourceName"":""IPTIQ-L2WEBAPP-TST-E2-KV"",""ResourceType"":""KeyVault"",""Subscription"":""IPTIQADATA DEV""}",Azure_KeyVault_AuthN_Use_Cert_Auth_for_Apps,Open,,SPP-27809,07/14/2020 04:22 UTC,10/08/2020 04:19 UTC,,,,,,
AzSK,IPTIQADATA,NonProd,High,S1VT7V,S97CAF,iptiQ_Americas,"{""ResourceGroup"":""iptiq-microsvc-preprod-eus2-rg"",""ResourceName"":""IPTIQ-MICROSVC-PRE-E2-KV"",""ResourceType"":""KeyVault"",""Subscription"":""IPTIQADATA NONPROD""}",Azure_KeyVault_AuthN_Use_Cert_Auth_for_Apps,Open,,SPP-23255,06/24/2020 04:08 UTC,10/29/2020 05:18 UTC,,,,,,
AzSK,IPTIQADATA,Prod,High,S1VT7V,S97CAF,iptiQ_Americas,"{""ResourceGroup"":""iptiq-smarts-prod-eus2-rg"",""ResourceName"":""IPTIQ-SMARTS-PRO-E2-KV"",""ResourceType"":""KeyVault"",""Subscription"":""IPTIQADATA PROD""}",Azure_KeyVault_AuthN_Use_Cert_Auth_for_Apps,Acknowledged,,SPP-3393,01/16/2020 05:01 UTC,10/29/2020 05:18 UTC,,,,,,
AzSK,IPTIQADATA,Prod,High,S1VT7V,S97CAF,iptiQ_Americas,"{""ResourceGroup"":""iptiqa-appservice-prod-wus2-rg"",""ResourceName"":""iptiqaeappdrtestkv2"",""ResourceType"":""KeyVault"",""Subscription"":""IPTIQADATA PROD""}",Azure_KeyVault_AuthN_Use_Cert_Auth_for_Apps,Open,,SPP-29134,07/21/2020 04:04 UTC,10/29/2020 05:18 UTC,,,,,,
AzSK,IPTIQADATA,NonProd,High,S1VT7V,S97CAF,iptiQ_Americas,"{""ResourceGroup"":""iptiqa-sage-preprod-eus2-etl-rg"",""ResourceName"":""iptiqa-sds-psg-xml-factory-PreProd"",""ResourceType"":""DataFactory"",""Subscription"":""IPTIQADATA NONPROD""}",Azure_DataFactory_DP_LinkSvc_Encrypt_In_Transit,Open,,SPP-23103,06/24/2020 04:07 UTC,10/29/2020 05:16 UTC,,,,,,
AzSK,IPTIQADATA,Dev,High,S1VT7V,S97CAF,iptiQ_Americas,"{""ResourceGroup"":""iptiq-uapi-dev-eus2-rg"",""ResourceName"":""iptiqa-uapi-factory-DEV"",""ResourceType"":""DataFactory"",""Subscription"":""IPTIQADATA DEV""}",Azure_DataFactory_DP_LinkSvc_Encrypt_In_Transit,Open,,SPP-27717,07/14/2020 04:20 UTC,10/29/2020 05:16 UTC,,,,,,
AzSK,IPTIQADATA,NonProd,High,S1VT7V,S97CAF,iptiQ_Americas,"{""ResourceGroup"":""iptiqadata-uat-etl-eus2-rg"",""ResourceName"":""iptiqa-sage-sftputility-datafactory-SIT"",""ResourceType"":""DataFactory"",""Subscription"":""IPTIQADATA NONPROD""}",Azure_DataFactory_DP_LinkSvc_Encrypt_In_Transit,Open,,SPP-23076,06/24/2020 04:06 UTC,10/29/2020 05:15 UTC,,,,,,
AzSK,IPTIQADATA,NonProd,High,S1VT7V,S97CAF,iptiQ_Americas,"{""ResourceGroup"":""iptiqa-sage-preprod-eus2-etl-rg"",""ResourceName"":""iptiqa-sds-reqhist-factory-PREPROD"",""ResourceType"":""DataFactory"",""Subscription"":""IPTIQADATA NONPROD""}",Azure_DataFactory_DP_LinkSvc_Encrypt_In_Transit,Open,,SPP-23102,06/24/2020 04:07 UTC,10/29/2020 05:16 UTC,,,,,,
AquaSec Sensor,IPTIQADATA,Prod,High,S1VT7V,S97CAF,iptiQ_Americas,"{""Host"":""azure"",""Name"":""IPTIQ-MICROSVC-PROD-EUS2-AKS""}",Container_Security_Service_Missing,Open,,SPP-20112,06/03/2020 13:35 UTC,10/29/2020 10:00 UTC,,,,,,
AzSK,IPTIQADATA,Dev,High,S1VT7V,S97CAF,iptiQ_Americas,"{""ResourceGroup"":""iptiqa-sage-etl-qa-eus2-rg"",""ResourceName"":""iptiqa-sds-clareto-factory-QA"",""ResourceType"":""DataFactory"",""Subscription"":""IPTIQADATA DEV""}",Azure_DataFactory_DP_LinkSvc_Encrypt_In_Transit,Open,,SPP-27575,07/14/2020 04:17 UTC,10/29/2020 05:13 UTC,,,,,,
AzSK,IPTIQADATA,Dev,High,S1VT7V,S97CAF,iptiQ_Americas,"{""ResourceGroup"":""iptiq-cs1-dev-eus2-rg"",""ResourceName"":""IPTIQ-CS1-DEV-E2-KV"",""ResourceType"":""KeyVault"",""Subscription"":""IPTIQADATA DEV""}",Azure_KeyVault_AuthN_Use_Cert_Auth_for_Apps,Open,,SPP-27867,07/14/2020 04:23 UTC,10/08/2020 04:20 UTC,,,,,,
AzSK,IPTIQADATA,Prod,High,S1VT7V,S97CAF,iptiQ_Americas,"{""ResourceGroup"":""iptiq-microsvc-prod-eus2-rg"",""ResourceName"":""IPTIQ-MICROSVC-PRO-E2-KV"",""ResourceType"":""KeyVault"",""Subscription"":""IPTIQADATA PROD""}",Azure_KeyVault_AuthN_Use_Cert_Auth_for_Apps,Acknowledged,,SPP-3397,01/16/2020 05:01 UTC,10/29/2020 05:19 UTC,,,,,,
AzSK,IPTIQADATA,Dev,High,S1VT7V,S97CAF,iptiQ_Americas,"{""ResourceGroup"":""iptiq-medsupp-dev-eus2-rg"",""ResourceName"":""IPTIQ-MEDSUPP-DEV-E2-KV"",""ResourceType"":""KeyVault"",""Subscription"":""IPTIQADATA DEV""}",Azure_KeyVault_AuthN_Use_Cert_Auth_for_Apps,Open,,SPP-27807,07/14/2020 04:22 UTC,10/29/2020 05:17 UTC,,,,,,
AzSK,IPTIQADATA,Dev,High,S1VT7V,S97CAF,iptiQ_Americas,"{""ResourceGroup"":""iptiq-l2webapp-dev-eus2-rg"",""ResourceName"":""IPTIQ-L2WEBAPP-DEV-E2-KV"",""ResourceType"":""KeyVault"",""Subscription"":""IPTIQADATA DEV""}",Azure_KeyVault_AuthN_Use_Cert_Auth_for_Apps,Open,,SPP-27861,07/14/2020 04:23 UTC,10/29/2020 05:17 UTC,,,,,,
AzSK,IPTIQADATA,Dev,High,S1VT7V,S97CAF,iptiQ_Americas,"{""ResourceGroup"":""datasolution-dev"",""ResourceName"":""iptiqa-sds-clareto-datafactory-prod-DEV"",""ResourceType"":""DataFactory"",""Subscription"":""IPTIQADATA DEV""}",Azure_DataFactory_DP_LinkSvc_Encrypt_In_Transit,Open,,SPP-27927,07/14/2020 04:25 UTC,10/29/2020 05:19 UTC,,,,,,
AzSK,IPTIQADATA,NonProd,High,S1VT7V,S97CAF,iptiQ_Americas,"{""ResourceGroup"":""iptiqa-appservice-uat-eus2-rg"",""ResourceName"":""iptiq-hmr-uat-eus2-kv"",""ResourceType"":""KeyVault"",""Subscription"":""IPTIQADATA NONPROD""}",Azure_KeyVault_AuthN_Use_Cert_Auth_for_Apps,Open,,SPP-23213,06/24/2020 04:07 UTC,10/29/2020 05:18 UTC,,,,,,
AzSK,IPTIQADATA,Prod,High,S1VT7V,S97CAF,iptiQ_Americas,"{""ResourceGroup"":""iptiqa-appservice-prod-eus2-rg"",""ResourceName"":""iptiqasspprodeus2kv"",""ResourceType"":""KeyVault"",""Subscription"":""IPTIQADATA PROD""}",Azure_KeyVault_AuthN_Use_Cert_Auth_for_Apps,Acknowledged,,SPP-3388,01/16/2020 05:01 UTC,10/29/2020 05:18 UTC,,,,,,
AzSK,IPTIQADATA,NonProd,High,S1VT7V,S97CAF,iptiQ_Americas,"{""ResourceGroup"":""iptiq-agents-uat-eus2-rg"",""ResourceName"":""IPTIQ-AGENTS-UAT-E2-KV"",""ResourceType"":""KeyVault"",""Subscription"":""IPTIQADATA NONPROD""}",Azure_KeyVault_AuthN_Use_Cert_Auth_for_Apps,Open,,SPP-23280,06/24/2020 04:08 UTC,10/29/2020 05:19 UTC,,,,,,
AzSK,IPTIQADATA,NonProd,High,S1VT7V,S97CAF,iptiQ_Americas,"{""ResourceGroup"":""iptiqa-appservice-preprod-eus2-rg"",""ResourceName"":""iptiqaeapppreprodeus2kv"",""ResourceType"":""KeyVault"",""Subscription"":""IPTIQADATA NONPROD""}",Azure_KeyVault_AuthN_Use_Cert_Auth_for_Apps,Open,,SPP-23234,06/24/2020 04:08 UTC,10/29/2020 05:18 UTC,,,,,,
AzSK,IPTIQADATA,NonProd,High,S1VT7V,S97CAF,iptiQ_Americas,"{""ResourceGroup"":""iptiqa-uapi-uat-eus2-rg"",""ResourceName"":""iptiqa-uapi-factory-UAT"",""ResourceType"":""DataFactory"",""Subscription"":""IPTIQADATA NONPROD""}",Azure_DataFactory_DP_LinkSvc_Encrypt_In_Transit,Open,,SPP-23091,06/24/2020 04:06 UTC,10/29/2020 05:16 UTC,,,,,,
AzSK,IPTIQADATA,Dev,High,S1VT7V,S97CAF,iptiQ_Americas,"{""ResourceGroup"":""iptiq-microsvc-qa-eus2-rg"",""ResourceName"":""IPTIQ-MICROSVC-QA-E2-KV"",""ResourceType"":""KeyVault"",""Subscription"":""IPTIQADATA DEV""}",Azure_KeyVault_AuthN_Use_Cert_Auth_for_Apps,Open,,SPP-27768,07/14/2020 04:21 UTC,10/29/2020 05:17 UTC,,,,,,
AzSK,IPTIQADATA,NonProd,High,S1VT7V,S97CAF,iptiQ_Americas,"{""ResourceGroup"":""iptiqa-uapi-uat-eus2-rg"",""ResourceName"":""IPTIQA-UAPI-UAT-EUS2-KV"",""ResourceType"":""KeyVault"",""Subscription"":""IPTIQADATA NONPROD""}",Azure_KeyVault_AuthN_Use_Cert_Auth_for_Apps,Open,,SPP-23090,06/24/2020 04:06 UTC,10/29/2020 05:16 UTC,,,,,,
AzSK,IPTIQADATA,NonProd,High,S1VT7V,S97CAF,iptiQ_Americas,"{""ResourceGroup"":""iptiqadata-uat-etl-eus2-rg"",""ResourceName"":""iptiqa-sds-psg-xml-factory-UAT"",""ResourceType"":""DataFactory"",""Subscription"":""IPTIQADATA NONPROD""}",Azure_DataFactory_DP_LinkSvc_Encrypt_In_Transit,Open,,SPP-23073,06/24/2020 04:06 UTC,10/29/2020 05:15 UTC,,,,,,
AzSK,IPTIQADATA,NonProd,High,S1VT7V,S97CAF,iptiQ_Americas,"{""ResourceGroup"":""iptiq-l2webapp-uat-eus2-rg"",""ResourceName"":""IPTIQ-L2WEBAPP-UAT-E2-KV"",""ResourceType"":""KeyVault"",""Subscription"":""IPTIQADATA NONPROD""}",Azure_KeyVault_AuthN_Use_Cert_Auth_for_Apps,Open,,SPP-23272,06/24/2020 04:08 UTC,10/29/2020 05:19 UTC,,,,,,
AzSK,IPTIQADATA,NonProd,High,S1VT7V,S97CAF,iptiQ_Americas,"{""ResourceGroup"":""iptiq-agents-preprod-eus2-rg"",""ResourceName"":""IPTIQ-AGENTS-PRE-E2-KV"",""ResourceType"":""KeyVault"",""Subscription"":""IPTIQADATA NONPROD""}",Azure_KeyVault_AuthN_Use_Cert_Auth_for_Apps,Open,,SPP-23285,06/24/2020 04:08 UTC,10/29/2020 05:19 UTC,,,,,,
AzSK,IPTIQADATA,NonProd,High,S1VT7V,S97CAF,iptiQ_Americas,"{""ResourceGroup"":""iptiqa-appservice-preprod-eus2-rg"",""ResourceName"":""iptiq-hmr-preprd-eus2-kv"",""ResourceType"":""KeyVault"",""Subscription"":""IPTIQADATA NONPROD""}",Azure_KeyVault_AuthN_Use_Cert_Auth_for_Apps,Open,,SPP-23235,06/24/2020 04:08 UTC,10/29/2020 05:18 UTC,,,,,,
AzSK,IPTIQADATA,Dev,High,S1VT7V,S97CAF,iptiQ_Americas,"{""ResourceGroup"":""iptiq-agents-qa-eus2-rg"",""ResourceName"":""IPTIQ-AGENTS-QA-E2-KV"",""ResourceType"":""KeyVault"",""Subscription"":""IPTIQADATA DEV""}",Azure_KeyVault_AuthN_Use_Cert_Auth_for_Apps,Open,,SPP-27872,07/14/2020 04:23 UTC,10/29/2020 05:17 UTC,,,,,,
AzSK,IPTIQADATA,Prod,High,S1VT7V,S97CAF,iptiQ_Americas,"{""ResourceGroup"":""iptiqa-appservice-prod-eus2-rg"",""ResourceName"":""iptiq-hmr-prod-eus2-kv"",""ResourceType"":""KeyVault"",""Subscription"":""IPTIQADATA PROD""}",Azure_KeyVault_AuthN_Use_Cert_Auth_for_Apps,Acknowledged,,SPP-3390,01/16/2020 05:01 UTC,10/29/2020 05:18 UTC,,,,,,
AzSK,IPTIQADATA,NonProd,High,S1VT7V,S97CAF,iptiQ_Americas,"{""ResourceGroup"":""iptiqadata-uat-etl-eus2-rg"",""ResourceName"":""iptiqa-sage-sanitycheck"",""ResourceType"":""DataFactory"",""Subscription"":""IPTIQADATA NONPROD""}",Azure_DataFactory_DP_LinkSvc_Encrypt_In_Transit,Open,,SPP-23079,06/24/2020 04:06 UTC,10/29/2020 05:15 UTC,,,,,,
AzSK,IPTIQADATA,NonProd,High,S1VT7V,S97CAF,iptiQ_Americas,"{""ResourceGroup"":""iptiqa-sage-preprod-eus2-etl-rg"",""ResourceName"":""iptiqa-sds-hist-r2-datafactory-v4-PreProd"",""ResourceType"":""DataFactory"",""Subscription"":""IPTIQADATA NONPROD""}",Azure_DataFactory_DP_LinkSvc_Encrypt_In_Transit,Open,,SPP-23107,06/24/2020 04:07 UTC,10/29/2020 05:16 UTC,,,,,,
AzSK,IPTIQADATA,Dev,High,S1VT7V,S97CAF,iptiQ_Americas,"{""ResourceGroup"":""iptiq-wearable-qa-eus2-rg"",""ResourceName"":""IPTIQ-WEAMICRO-QA-E2-KV"",""ResourceType"":""KeyVault"",""Subscription"":""IPTIQADATA DEV""}",Azure_KeyVault_AuthN_Use_Cert_Auth_for_Apps,Open,,SPP-27703,07/14/2020 04:20 UTC,10/29/2020 05:16 UTC,,,,,,
AzSK,IPTIQADATA,NonProd,High,S1VT7V,S97CAF,iptiQ_Americas,"{""ResourceGroup"":""iptiqadata-uat-etl-eus2-rg"",""ResourceName"":""Iptiquat-data-factory-business"",""ResourceType"":""DataFactory"",""Subscription"":""IPTIQADATA NONPROD""}",Azure_DataFactory_DP_LinkSvc_Encrypt_In_Transit,Open,,SPP-23072,06/24/2020 04:06 UTC,10/29/2020 05:15 UTC,,,,,,
AzSK,IPTIQADATA,Prod,High,S1VT7V,S97CAF,iptiQ_Americas,"{""ResourceGroup"":""iptiqadata-prod-admin-eus2-rg"",""ResourceName"":""iptiqdataprodeus2infrakv"",""ResourceType"":""KeyVault"",""Subscription"":""IPTIQADATA PROD""}",Azure_KeyVault_AuthN_Use_Cert_Auth_for_Apps,Acknowledged,,SPP-3377,01/16/2020 05:00 UTC,10/29/2020 05:17 UTC,,,,,,
AzSK,IPTIQADATA,NonProd,High,S1VT7V,S97CAF,iptiQ_Americas,"{""ResourceGroup"":""iptiqa-uapi-preprod-eus2-rg"",""ResourceName"":""iptiqa-uapi-factory-V2-Preprod"",""ResourceType"":""DataFactory"",""Subscription"":""IPTIQADATA NONPROD""}",Azure_DataFactory_DP_LinkSvc_Encrypt_In_Transit,Open,,SPP-23095,06/24/2020 04:06 UTC,10/29/2020 05:16 UTC,,,,,,
AzSK,IPTIQADATA,NonProd,High,S1VT7V,S97CAF,iptiQ_Americas,"{""ResourceGroup"":""iptiqa-appservice-uat-eus2-rg"",""ResourceName"":""iptiqasspuateus2kv"",""ResourceType"":""KeyVault"",""Subscription"":""IPTIQADATA NONPROD""}",Azure_KeyVault_AuthN_Use_Cert_Auth_for_Apps,Open,,SPP-23209,06/24/2020 04:07 UTC,10/29/2020 05:18 UTC,,,,,,
AzSK,IPTIQADATA,NonProd,High,S1VT7V,S97CAF,iptiQ_Americas,"{""ResourceGroup"":""iptiqa-sage-preprod-eus2-etl-rg"",""ResourceName"":""iptiqa-sds-clareto-factory-PreProd"",""ResourceType"":""DataFactory"",""Subscription"":""IPTIQADATA NONPROD""}",Azure_DataFactory_DP_LinkSvc_Encrypt_In_Transit,Open,,SPP-23110,06/24/2020 04:07 UTC,10/29/2020 05:16 UTC,,,,,,
AzSK,IPTIQADATA,NonProd,High,S1VT7V,S97CAF,iptiQ_Americas,"{""ResourceGroup"":""iptiqa-sage-preprod-eus2-etl-rg"",""ResourceName"":""iptiqa-sage-snowplow-factory2-PreProd"",""ResourceType"":""DataFactory"",""Subscription"":""IPTIQADATA NONPROD""}",Azure_DataFactory_DP_LinkSvc_Encrypt_In_Transit,Open,,SPP-23111,06/24/2020 04:07 UTC,10/29/2020 05:16 UTC,,,,,,
AzSK,IPTIQADATA,NonProd,High,S1VT7V,S97CAF,iptiQ_Americas,"{""ResourceGroup"":""iptiqa-sage-preprod-eus2-etl-rg"",""ResourceName"":""iptiqa-sage-inc-datafactory-clover-PREPROD"",""ResourceType"":""DataFactory"",""Subscription"":""IPTIQADATA NONPROD""}",Azure_DataFactory_DP_LinkSvc_Encrypt_In_Transit,Open,,SPP-23121,06/24/2020 04:07 UTC,10/29/2020 05:17 UTC,,,,,,
AzSK,IPTIQADATA,NonProd,High,S1VT7V,S97CAF,iptiQ_Americas,"{""ResourceGroup"":""iptiqa-sage-clover-infuat-eus2-rg"",""ResourceName"":""iptiqasageclvrinfuatkv"",""ResourceType"":""KeyVault"",""Subscription"":""IPTIQADATA NONPROD""}",Azure_KeyVault_AuthN_Use_Cert_Auth_for_Apps,Open,,SPP-23132,06/24/2020 04:07 UTC,10/29/2020 05:17 UTC,,,,,,
AzSK,IPTIQADATA,Dev,High,S1VT7V,S97CAF,iptiQ_Americas,"{""ResourceGroup"":""iptiq-microsvc-eus-eus2-rg"",""ResourceName"":""IPTIQ-EUS-EUS-E2-KV"",""ResourceType"":""KeyVault"",""Subscription"":""IPTIQADATA DEV""}",Azure_KeyVault_AuthN_Use_Cert_Auth_for_Apps,Open,,SPP-27780,07/14/2020 04:22 UTC,10/29/2020 05:17 UTC,,,,,,
AzSK,IPTIQADATA,NonProd,High,S1VT7V,S97CAF,iptiQ_Americas,"{""ResourceGroup"":""iptiqadata-uat-etl-eus2-rg"",""ResourceName"":""iptiqa-sds-clareto-factory-SIT"",""ResourceType"":""DataFactory"",""Subscription"":""IPTIQADATA NONPROD""}",Azure_DataFactory_DP_LinkSvc_Encrypt_In_Transit,Open,,SPP-23074,06/24/2020 04:06 UTC,10/29/2020 05:15 UTC,,,,,,
AzSK,IPTIQADATA,Dev,High,S1VT7V,S97CAF,iptiQ_Americas,"{""ResourceGroup"":""iptiqa-sage-clover-infdev-eus2-rg"",""ResourceName"":""iptiqasageclvrinfdevkv"",""ResourceType"":""KeyVault"",""Subscription"":""IPTIQADATA DEV""}",Azure_KeyVault_AuthN_Use_Cert_Auth_for_Apps,Open,,SPP-27581,07/14/2020 04:18 UTC,10/29/2020 05:13 UTC,,,,,,
AzSK,IPTIQADATA,Prod,High,S1VT7V,S97CAF,iptiQ_Americas,"{""ResourceGroup"":""iptiqa-appservice-prod-eus2-rg"",""ResourceName"":""iptiqaeappprodeus2kv"",""ResourceType"":""KeyVault"",""Subscription"":""IPTIQADATA PROD""}",Azure_KeyVault_AuthN_Use_Cert_Auth_for_Apps,Acknowledged,,SPP-5638,02/14/2020 05:01 UTC,10/29/2020 05:18 UTC,,,,,,
AzSK,IPTIQADATA,Dev,High,S1VT7V,S97CAF,iptiQ_Americas,"{""ResourceGroup"":""iptiq-wearable-qa-eus2-rg"",""ResourceName"":""IPTIQ-CSGEAPP-QA-E2-KV"",""ResourceType"":""KeyVault"",""Subscription"":""IPTIQADATA DEV""}",Azure_KeyVault_AuthN_Use_Cert_Auth_for_Apps,Open,,SPP-27707,07/14/2020 04:20 UTC,10/29/2020 05:16 UTC,,,,,,
AzSK,IPTIQADATA,NonProd,High,S1VT7V,S97CAF,iptiQ_Americas,"{""ResourceGroup"":""iptiqa-sage-clover-infpreprod-eus2-rg"",""ResourceName"":""iptiqasageclvrinfprprdkv"",""ResourceType"":""KeyVault"",""Subscription"":""IPTIQADATA NONPROD""}",Azure_KeyVault_AuthN_Use_Cert_Auth_for_Apps,Open,,SPP-23133,06/24/2020 04:07 UTC,10/29/2020 05:17 UTC,,,,,,
AzSK,IPTIQADATA,Dev,High,S1VT7V,S97CAF,iptiQ_Americas,"{""ResourceGroup"":""iptiq-wearable-dev-eus2-rg"",""ResourceName"":""IPTIQ-WEARABLE-DEV-E2-KV"",""ResourceType"":""KeyVault"",""Subscription"":""IPTIQADATA DEV""}",Azure_KeyVault_AuthN_Use_Cert_Auth_for_Apps,Open,,SPP-27710,07/14/2020 04:20 UTC,10/29/2020 05:16 UTC,,,,,,
AzSK,IPTIQADATA,Dev,High,S1VT7V,S97CAF,iptiQ_Americas,"{""ResourceGroup"":""iptiqadata_uapi_vm_est"",""ResourceName"":""iptiqa-uapi-poc-eus2-kv"",""ResourceType"":""KeyVault"",""Subscription"":""IPTIQADATA DEV""}",Azure_KeyVault_AuthN_Use_Cert_Auth_for_Apps,Open,,SPP-27496,07/14/2020 04:16 UTC,10/29/2020 05:12 UTC,,,,,,
AzSK,IPTIQADATA,NonProd,High,S1VT7V,S97CAF,iptiQ_Americas,"{""ResourceGroup"":""iptiq-prt1-uat-eus2-rg"",""ResourceName"":""IPTIQ-PRT1-UAT-E2-KV"",""ResourceType"":""KeyVault"",""Subscription"":""IPTIQADATA NONPROD""}",Azure_KeyVault_AuthN_Use_Cert_Auth_for_Apps,Open,,SPP-23243,06/24/2020 04:08 UTC,07/20/2020 04:15 UTC,,,,,,
AzSK,IPTIQADATA,Dev,High,S1VT7V,S97CAF,iptiQ_Americas,"{""ResourceGroup"":""iptiq-uapi-dev-eus2-rg"",""ResourceName"":""iptiqa-uapi-factory-V2-DEV"",""ResourceType"":""DataFactory"",""Subscription"":""IPTIQADATA DEV""}",Azure_DataFactory_DP_LinkSvc_Encrypt_In_Transit,Open,,SPP-27716,07/14/2020 04:20 UTC,10/29/2020 05:16 UTC,,,,,,
AzSK,IPTIQADATA,Dev,High,S1VT7V,S97CAF,iptiQ_Americas,"{""ResourceGroup"":""iptiq-microsvc-eus-eus2-rg"",""ResourceName"":""IPTIQ-MICROSVC-EUS-E2-KV"",""ResourceType"":""KeyVault"",""Subscription"":""IPTIQADATA DEV""}",Azure_KeyVault_AuthN_Use_Cert_Auth_for_Apps,Open,,SPP-27777,07/14/2020 04:22 UTC,10/29/2020 05:17 UTC,,,,,,
AzSK,IPTIQADATA,NonProd,High,S1VT7V,S97CAF,iptiQ_Americas,"{""ResourceGroup"":""iptiq-microsvc-uat-eus2-rg"",""ResourceName"":""iptiquatCosmosDb"",""ResourceType"":""DataFactory"",""Subscription"":""IPTIQADATA NONPROD""}",Azure_DataFactory_DP_LinkSvc_Encrypt_In_Transit,Open,,SPP-23252,06/24/2020 04:08 UTC,10/29/2020 05:18 UTC,,,,,,
AzSK,IPTIQADATA,Dev,High,S1VT7V,S97CAF,iptiQ_Americas,"{""ResourceGroup"":""iptiq-microsvc-dev-eus2-rg"",""ResourceName"":""IPTIQ-MICROSVC-DEV-E2-KV"",""ResourceType"":""KeyVault"",""Subscription"":""IPTIQADATA DEV""}",Azure_KeyVault_AuthN_Use_Cert_Auth_for_Apps,Open,,SPP-27791,07/14/2020 04:22 UTC,10/29/2020 05:17 UTC,,,,,,
AzSK,IPTIQADATA,NonProd,High,S1VT7V,S97CAF,iptiQ_Americas,"{""ResourceGroup"":""iptiq-medsupp-uat-eus2-rg"",""ResourceName"":""IPTIQ-MEDSUPP-UAT-E2-KV"",""ResourceType"":""KeyVault"",""Subscription"":""IPTIQADATA NONPROD""}",Azure_KeyVault_AuthN_Use_Cert_Auth_for_Apps,Open,,SPP-23257,06/24/2020 04:08 UTC,10/29/2020 05:18 UTC,,,,,,
AzSK,IPTIQADATA,Prod,High,S1VT7V,S97CAF,iptiQ_Americas,"{""ResourceGroup"":""iptiqa-appservice-prod-wus2-rg"",""ResourceName"":""iptiqisspdrtestkv2"",""ResourceType"":""KeyVault"",""Subscription"":""IPTIQADATA PROD""}",Azure_KeyVault_AuthN_Use_Cert_Auth_for_Apps,Open,,SPP-29132,07/21/2020 04:04 UTC,10/29/2020 05:18 UTC,,,,,,
AzSK,IPTIQADATA,Dev,High,S1VT7V,S97CAF,iptiQ_Americas,"{""ResourceGroup"":""iptiqa-uapi-qa-eus2-rg"",""ResourceName"":""iptiqa-uapi-factory1-QA"",""ResourceType"":""DataFactory"",""Subscription"":""IPTIQADATA DEV""}",Azure_DataFactory_DP_LinkSvc_Encrypt_In_Transit,Open,,SPP-27527,07/14/2020 04:17 UTC,10/29/2020 05:12 UTC,,,,,,
AzSK,IPTIQADATA,Prod,High,S1VT7V,S97CAF,iptiQ_Americas,"{""ResourceGroup"":""iptiqa-uapi-prod-eus2-rg"",""ResourceName"":""iptiqauapiprodkv"",""ResourceType"":""KeyVault"",""Subscription"":""IPTIQADATA PROD""}",Azure_KeyVault_AuthN_Use_Cert_Auth_for_Apps,Acknowledged,,SPP-3379,01/16/2020 05:00 UTC,10/29/2020 05:17 UTC,,,,,,
AzSK,IPTIQADATA,Dev,High,S1VT7V,S97CAF,iptiQ_Americas,"{""ResourceGroup"":""iptiq-sage-operations-adlsbackup-ues2-rg"",""ResourceName"":""iptiq-sage-operations-adlsbackup-eus2"",""ResourceType"":""DataFactory"",""Subscription"":""IPTIQADATA DEV""}",Azure_DataFactory_DP_LinkSvc_Encrypt_In_Transit,Open,,SPP-27746,07/14/2020 04:21 UTC,10/29/2020 05:17 UTC,,,,,,
AzSK,IPTIQADATA,Prod,High,S1VT7V,S97CAF,iptiQ_Americas,"{""ResourceGroup"":""iptiqa-appservice-prod-wus2-rg"",""ResourceName"":""iptiqaeappprodwus2kv2"",""ResourceType"":""KeyVault"",""Subscription"":""IPTIQADATA PROD""}",Azure_KeyVault_AuthN_Use_Cert_Auth_for_Apps,Acknowledged,,SPP-5637,02/14/2020 05:01 UTC,10/29/2020 05:18 UTC,,,,,,
AzSK,IPTIQADATA,Dev,High,S1VT7V,S97CAF,iptiQ_Americas,"{""ResourceGroup"":""iptiq-uapi-dev-eus2-rg"",""ResourceName"":""iptiqa-uapi-factory1-DEV"",""ResourceType"":""DataFactory"",""Subscription"":""IPTIQADATA DEV""}",Azure_DataFactory_DP_LinkSvc_Encrypt_In_Transit,Open,,SPP-27719,07/14/2020 04:21 UTC,10/29/2020 05:16 UTC,,,,,,
AzSK,IPTIQADATA,Prod,High,S1VT7V,S97CAF,iptiQ_Americas,"{""ResourceGroup"":""iptiq-microsvc-prod-wus2-rg"",""ResourceName"":""IPTIQ-MICROSVC-PRO-W2-KV"",""ResourceType"":""KeyVault"",""Subscription"":""IPTIQADATA PROD""}",Azure_KeyVault_AuthN_Use_Cert_Auth_for_Apps,Acknowledged,,SPP-3394,01/16/2020 05:01 UTC,10/29/2020 05:18 UTC,,,,,,
AzSK,IPTIQADATA,Prod,High,S1VT7V,S97CAF,iptiQ_Americas,"{""ResourceGroup"":""iptiq-microsvc-prod-wus2-rg"",""ResourceName"":""iptiqdrtest"",""ResourceType"":""SQLDatabase"",""Subscription"":""IPTIQADATA PROD""}",Azure_SQLDatabase_AuthZ_Use_AAD_Admin,Open,,SPP-29017,07/18/2020 04:17 UTC,09/14/2020 04:20 UTC,,,,,,
AzSK,IPTIQADATA,NonProd,High,S1VT7V,S97CAF,iptiQ_Americas,"{""ResourceGroup"":""iptiqa-sage-preprod-eus2-etl-rg"",""ResourceName"":""iptiqa-sds-hist-r2-datafactory-PreProd"",""ResourceType"":""DataFactory"",""Subscription"":""IPTIQADATA NONPROD""}",Azure_DataFactory_DP_LinkSvc_Encrypt_In_Transit,Open,,SPP-23109,06/24/2020 04:07 UTC,10/29/2020 05:16 UTC,,,,,,
AzSK,IPTIQADATA,NonProd,High,S1VT7V,S97CAF,iptiQ_Americas,"{""ResourceGroup"":""iptiqa-sage-preprod-eus2-etl-rg"",""ResourceName"":""iptiqa-sage-inc-datafactory-ftni-V2-PreProd"",""ResourceType"":""DataFactory"",""Subscription"":""IPTIQADATA NONPROD""}",Azure_DataFactory_DP_LinkSvc_Encrypt_In_Transit,Open,,SPP-23118,06/24/2020 04:07 UTC,10/29/2020 05:16 UTC,,,,,,
AzSK,IPTIQADATA,NonProd,High,S1VT7V,S97CAF,iptiQ_Americas,"{""ResourceGroup"":""iptiqadata-uat-etl-eus2-rg"",""ResourceName"":""iptiqa-sage-inc-datafactory-medsupp-V2-IAS-AUG-SIT"",""ResourceType"":""DataFactory"",""Subscription"":""IPTIQADATA NONPROD""}",Azure_DataFactory_DP_LinkSvc_Encrypt_In_Transit,Open,,SPP-23081,06/24/2020 04:06 UTC,10/29/2020 05:15 UTC,,,,,,
AzSK,IPTIQADATA,NonProd,High,S1VT7V,S97CAF,iptiQ_Americas,"{""ResourceGroup"":""iptiqa-sage-preprod-eus2-etl-rg"",""ResourceName"":""iptiqa-sds-hist-r2-datafactory-v5-PreProd"",""ResourceType"":""DataFactory"",""Subscription"":""IPTIQADATA NONPROD""}",Azure_DataFactory_DP_LinkSvc_Encrypt_In_Transit,Open,,SPP-23106,06/24/2020 04:07 UTC,10/29/2020 05:16 UTC,,,,,,
AzSK,IPTIQADATA,NonProd,High,S1VT7V,S97CAF,iptiQ_Americas,"{""ResourceGroup"":""iptiqa-appservice-uat-eus2-rg"",""ResourceName"":""iptiqaeappuateus2kv"",""ResourceType"":""KeyVault"",""Subscription"":""IPTIQADATA NONPROD""}",Azure_KeyVault_AuthN_Use_Cert_Auth_for_Apps,Open,,SPP-23210,06/24/2020 04:07 UTC,10/29/2020 05:18 UTC,,,,,,
AzSK,IPTIQADATA,Dev,High,S1VT7V,S97CAF,iptiQ_Americas,"{""ResourceGroup"":""iptiqa-dev-azautomation-rg"",""ResourceName"":""iptiqa-dev-azautoac"",""ResourceType"":""Automation"",""Subscription"":""IPTIQADATA DEV""}",Azure_Automation_DP_Use_Encrypted_Variables,Open,,SPP-27648,07/14/2020 04:19 UTC,10/29/2020 05:14 UTC,,,,,,
AzSK,IPTIQADATA,NonProd,High,S1VT7V,S97CAF,iptiQ_Americas,"{""ResourceGroup"":""iptiqa-sage-preprod-eus2-etl-rg"",""ResourceName"":""iptiqa-sage-sftputility-datafactory-PREPROD"",""ResourceType"":""DataFactory"",""Subscription"":""IPTIQADATA NONPROD""}",Azure_DataFactory_DP_LinkSvc_Encrypt_In_Transit,Open,,SPP-23112,06/24/2020 04:07 UTC,10/29/2020 05:16 UTC,,,,,,
AzSK,IPTIQADATA,Dev,High,S1VT7V,S97CAF,iptiQ_Americas,"{""ResourceGroup"":""iptiq-l2webapp-qa-eus2-rg"",""ResourceName"":""IPTIQ-L2AKS-QA-E2-KV"",""ResourceType"":""KeyVault"",""Subscription"":""IPTIQADATA DEV""}",Azure_KeyVault_AuthN_Use_Cert_Auth_for_Apps,Open,,SPP-27831,07/14/2020 04:23 UTC,10/29/2020 05:17 UTC,,,,,,
AzSK,IPTIQADATA,NonProd,High,S1VT7V,S97CAF,iptiQ_Americas,"{""ResourceGroup"":""iptiqa-sage-preprod-eus2-etl-rg"",""ResourceName"":""iptiqa-sds-ntsreq-datafactory-clover-PREPROD"",""ResourceType"":""DataFactory"",""Subscription"":""IPTIQADATA NONPROD""}",Azure_DataFactory_DP_LinkSvc_Encrypt_In_Transit,Open,,SPP-23105,06/24/2020 04:07 UTC,10/29/2020 05:16 UTC,,,,,,
AzSK,IPTIQADATA,NonProd,High,S1VT7V,S97CAF,iptiQ_Americas,"{""ResourceGroup"":""iptiqa-smarts-uat-eus2-rg"",""ResourceName"":""IPTIQ-SMARTS-UAT-EUS2-KV"",""ResourceType"":""KeyVault"",""Subscription"":""IPTIQADATA NONPROD""}",Azure_KeyVault_AuthN_Use_Cert_Auth_for_Apps,Open,,SPP-23097,06/24/2020 04:06 UTC,10/29/2020 05:16 UTC,,,,,,
AzSK,IPTIQADATA,Dev,High,S1VT7V,S97CAF,iptiQ_Americas,"{""ResourceGroup"":""iptiq-smarts-dev-eus2-rg"",""ResourceName"":""IPTIQ-SMARTS-DEV-EUS2-KV"",""ResourceType"":""KeyVault"",""Subscription"":""IPTIQADATA DEV""}",Azure_KeyVault_AuthN_Use_Cert_Auth_for_Apps,Open,,SPP-27729,07/14/2020 04:21 UTC,10/29/2020 05:16 UTC,,,,,,
AzSK,IPTIQADATA,NonProd,High,S1VT7V,S97CAF,iptiQ_Americas,"{""ResourceGroup"":""iptiqa-uapi-preprod-eus2-rg"",""ResourceName"":""iptiqauapipreprodeus2kv"",""ResourceType"":""KeyVault"",""Subscription"":""IPTIQADATA NONPROD""}",Azure_KeyVault_AuthN_Use_Cert_Auth_for_Apps,Open,,SPP-23094,06/24/2020 04:06 UTC,10/29/2020 05:16 UTC,,,,,,
AzSK,IPTIQADATA,NonProd,High,S1VT7V,S97CAF,iptiQ_Americas,"{""ResourceGroup"":""iptiqa-sage-preprod-eus2-etl-rg"",""ResourceName"":""iptiqa-sds-hist-r2-datafactory-v3-PreProd"",""ResourceType"":""DataFactory"",""Subscription"":""IPTIQADATA NONPROD""}",Azure_DataFactory_DP_LinkSvc_Encrypt_In_Transit,Open,,SPP-23108,06/24/2020 04:07 UTC,10/29/2020 05:16 UTC,,,,,,
AzSK,IPTIQADATA,Dev,High,S1VT7V,S97CAF,iptiQ_Americas,"{""ResourceGroup"":""iptiqa-uapi-qa-eus2-rg"",""ResourceName"":""iptiqa-uapi-factory-V2-QA"",""ResourceType"":""DataFactory"",""Subscription"":""IPTIQADATA DEV""}",Azure_DataFactory_DP_LinkSvc_Encrypt_In_Transit,Open,,SPP-27521,07/14/2020 04:16 UTC,10/29/2020 05:12 UTC,,,,,,
AzSK,IPTIQADATA,NonProd,High,S1VT7V,S97CAF,iptiQ_Americas,"{""ResourceGroup"":""iptiqa-sage-preprod-eus2-admin-rg"",""ResourceName"":""iptiqapreprodeus2infrakv"",""ResourceType"":""KeyVault"",""Subscription"":""IPTIQADATA NONPROD""}",Azure_KeyVault_AuthN_Use_Cert_Auth_for_Apps,Open,,SPP-23128,06/24/2020 04:07 UTC,10/29/2020 05:17 UTC,,,,,,
AzSK,IPTIQADATA,Dev,High,S1VT7V,S97CAF,iptiQ_Americas,"{""ResourceGroup"":""iptiqa-sage-etl-DEV-eus2-rg"",""ResourceName"":""cosmosqacoll"",""ResourceType"":""DataFactory"",""Subscription"":""IPTIQADATA DEV""}",Azure_DataFactory_DP_LinkSvc_Encrypt_In_Transit,Open,,SPP-27579,07/14/2020 04:18 UTC,10/29/2020 05:13 UTC,,,,,,
AzSK,IPTIQADATA,NonProd,High,S1VT7V,S97CAF,iptiQ_Americas,"{""ResourceGroup"":""iptiqadata-uat-etl-eus2-rg"",""ResourceName"":""iptiqa-psg-xml-new-UAT"",""ResourceType"":""DataFactory"",""Subscription"":""IPTIQADATA NONPROD""}",Azure_DataFactory_DP_LinkSvc_Encrypt_In_Transit,Open,,SPP-23083,06/24/2020 04:06 UTC,10/29/2020 05:15 UTC,,,,,,
AzSK,IPTIQADATA,Prod,High,S1VT7V,S97CAF,iptiQ_Americas,"{""ResourceGroup"":""iptiqa-appservice-prod-wus2-rg"",""ResourceName"":""iptiqhmrdrtestkv2"",""ResourceType"":""KeyVault"",""Subscription"":""IPTIQADATA PROD""}",Azure_KeyVault_AuthN_Use_Cert_Auth_for_Apps,Open,,SPP-29133,07/21/2020 04:04 UTC,10/29/2020 05:18 UTC,,,,,,
AzSK,IPTIQADATA,NonProd,High,S1VT7V,S97CAF,iptiQ_Americas,"{""ResourceGroup"":""iptiq-microsvc-uat-eus2-rg"",""ResourceName"":""IPTIQ-MICROSVC-UAT-E2-KV"",""ResourceType"":""KeyVault"",""Subscription"":""IPTIQADATA NONPROD""}",Azure_KeyVault_AuthN_Use_Cert_Auth_for_Apps,Open,,SPP-23249,06/24/2020 04:08 UTC,10/29/2020 05:18 UTC,,,,,,
AzSK,IPTIQADATA,Dev,High,S1VT7V,S97CAF,iptiQ_Americas,"{""ResourceGroup"":""iptiqa-uapi-qa-eus2-rg"",""ResourceName"":""iptiqa-uapi-factory-QA"",""ResourceType"":""DataFactory"",""Subscription"":""IPTIQADATA DEV""}",Azure_DataFactory_DP_LinkSvc_Encrypt_In_Transit,Open,,SPP-27525,07/14/2020 04:17 UTC,10/29/2020 05:12 UTC,,,,,,
AzSK,IPTIQADATA,NonProd,High,S1VT7V,S97CAF,iptiQ_Americas,"{""ResourceGroup"":""iptiqa-uapi-preprod-eus2-rg"",""ResourceName"":""iptiqa-uapi-factory-Preprod"",""ResourceType"":""DataFactory"",""Subscription"":""IPTIQADATA NONPROD""}",Azure_DataFactory_DP_LinkSvc_Encrypt_In_Transit,Open,,SPP-23096,06/24/2020 04:06 UTC,10/29/2020 05:16 UTC,,,,,,
AzSK,IPTIQADATA,NonProd,High,S1VT7V,S97CAF,iptiQ_Americas,"{""ResourceGroup"":""iptiqa-sage-preprod-eus2-etl-rg"",""ResourceName"":""iptiqa-sage-inc-datafactory-PreProd"",""ResourceType"":""DataFactory"",""Subscription"":""IPTIQADATA NONPROD""}",Azure_DataFactory_DP_LinkSvc_Encrypt_In_Transit,Open,,SPP-23114,06/24/2020 04:07 UTC,10/29/2020 05:16 UTC,,,,,,
AzSK,IPTIQADATA,Dev,High,S1VT7V,S97CAF,iptiQ_Americas,"{""ResourceGroup"":""iptiqa-appservice-qa-eus2-rg"",""ResourceName"":""iptiqasspqaeus2kv"",""ResourceType"":""KeyVault"",""Subscription"":""IPTIQADATA DEV""}",Azure_KeyVault_AuthN_Use_Cert_Auth_for_Apps,Open,,SPP-27675,07/14/2020 04:19 UTC,10/29/2020 05:15 UTC,,,,,,
AzSK,IPTIQADATA,Prod,High,S1VT7V,S97CAF,iptiQ_Americas,"{""ResourceGroup"":""iptiqa-sage-clover-infprod-eus2-rg"",""ResourceName"":""iptiqasageclvrinfprodkv"",""ResourceType"":""KeyVault"",""Subscription"":""IPTIQADATA PROD""}",Azure_KeyVault_AuthN_Use_Cert_Auth_for_Apps,Acknowledged,,SPP-3383,01/16/2020 05:00 UTC,10/29/2020 05:17 UTC,,,,,,
AzSK,IPTIQADATA,Dev,High,S1VT7V,S97CAF,iptiQ_Americas,"{""ResourceGroup"":""iptiqa-uapi-qa-eus2-rg"",""ResourceName"":""IPTIQA-UAPI-QA-EUS2-KV"",""ResourceType"":""KeyVault"",""Subscription"":""IPTIQADATA DEV""}",Azure_KeyVault_AuthN_Use_Cert_Auth_for_Apps,Open,,SPP-27519,07/14/2020 04:16 UTC,10/29/2020 05:12 UTC,,,,,,
AzSK,IPTIQADATA,Dev,High,S1VT7V,S97CAF,iptiQ_Americas,"{""ResourceGroup"":""datasolution-dev"",""ResourceName"":""iptiqa-digitalasset-kv"",""ResourceType"":""KeyVault"",""Subscription"":""IPTIQADATA DEV""}",Azure_KeyVault_AuthN_Use_Cert_Auth_for_Apps,Open,,SPP-27914,07/14/2020 04:24 UTC,10/29/2020 05:18 UTC,,,,,,
AzSK,IPTIQADATA,Dev,High,S1VT7V,S97CAF,iptiQ_Americas,"{""ResourceGroup"":""iptiq-agents-dev-eus2-rg"",""ResourceName"":""IPTIQ-AGENTS-DEV-E2-KV"",""ResourceType"":""KeyVault"",""Subscription"":""IPTIQADATA DEV""}",Azure_KeyVault_AuthN_Use_Cert_Auth_for_Apps,Open,,SPP-27874,07/14/2020 04:23 UTC,10/29/2020 05:18 UTC,,,,,,
AzSK,IPTIQADATA,NonProd,High,S1VT7V,S97CAF,iptiQ_Americas,"{""ResourceGroup"":""iptiqa-sage-preprod-eus2-etl-rg"",""ResourceName"":""iptiqa-ods-bob-factory-v2-PreProd"",""ResourceType"":""DataFactory"",""Subscription"":""IPTIQADATA NONPROD""}",Azure_DataFactory_DP_LinkSvc_Encrypt_In_Transit,Open,,SPP-23124,06/24/2020 04:07 UTC,10/29/2020 05:17 UTC,,,,,,
AzSK,IPTIQADATA,NonProd,High,S1VT7V,S97CAF,iptiQ_Americas,"{""ResourceGroup"":""iptiqa-sage-preprod-eus2-etl-rg"",""ResourceName"":""adfcopy-dls-sage"",""ResourceType"":""DataFactory"",""Subscription"":""IPTIQADATA NONPROD""}",Azure_DataFactory_DP_LinkSvc_Encrypt_In_Transit,Open,,SPP-23127,06/24/2020 04:07 UTC,10/29/2020 05:17 UTC,,,,,,
AzSK,IPTIQADATA,Dev,High,S1VT7V,S97CAF,iptiQ_Americas,"{""ResourceGroup"":""iptiqa-uapi-qa-eus2-rg"",""ResourceName"":""iptiqa-uapi-factory-V21-QA"",""ResourceType"":""DataFactory"",""Subscription"":""IPTIQADATA DEV""}",Azure_DataFactory_DP_LinkSvc_Encrypt_In_Transit,Open,,SPP-27523,07/14/2020 04:16 UTC,10/29/2020 05:12 UTC,,,,,,
AzSK,IPTIQADATA,NonProd,High,S1VT7V,S97CAF,iptiQ_Americas,"{""ResourceGroup"":""iptiqa-sage-preprod-eus2-etl-rg"",""ResourceName"":""iptiqa-sage-inc-datafactory-medsupp-PreProd"",""ResourceType"":""DataFactory"",""Subscription"":""IPTIQADATA NONPROD""}",Azure_DataFactory_DP_LinkSvc_Encrypt_In_Transit,Open,,SPP-23116,06/24/2020 04:07 UTC,10/29/2020 05:16 UTC,,,,,,
AzSK,IPTIQADATA,Dev,High,S1VT7V,S97CAF,iptiQ_Americas,"{""ResourceGroup"":""iptiq-microsvc-test-eus2-rg"",""ResourceName"":""IPTIQ-MICROSVC-TST-E2-KV"",""ResourceType"":""KeyVault"",""Subscription"":""IPTIQADATA DEV""}",Azure_KeyVault_AuthN_Use_Cert_Auth_for_Apps,Open,,SPP-27759,07/14/2020 04:21 UTC,10/29/2020 05:17 UTC,,,,,,
AzSK,IPTIQADATA,Dev,High,S1VT7V,S97CAF,iptiQ_Americas,"{""ResourceGroup"":""datasolution-dev"",""ResourceName"":""iptiqa-sage-snowplow-Prod-DEV"",""ResourceType"":""DataFactory"",""Subscription"":""IPTIQADATA DEV""}",Azure_DataFactory_DP_LinkSvc_Encrypt_In_Transit,Open,,SPP-27930,07/14/2020 04:25 UTC,10/29/2020 05:19 UTC,,,,,,
AzSK,IPTIQADATA,Dev,High,S1VT7V,S97CAF,iptiQ_Americas,"{""ResourceGroup"":""iptiq-medsupp-qa-eus2-rg"",""ResourceName"":""IPTIQ-MEDSUPP-QA-E2-KV"",""ResourceType"":""KeyVault"",""Subscription"":""IPTIQADATA DEV""}",Azure_KeyVault_AuthN_Use_Cert_Auth_for_Apps,Open,,SPP-27800,07/14/2020 04:22 UTC,10/29/2020 05:17 UTC,,,,,,
AzSK,IPTIQADATA,Dev,High,S1VT7V,S97CAF,iptiQ_Americas,"{""ResourceGroup"":""datasolution-dev"",""ResourceName"":""iptiqa-sds-psg-xml-factory-DEV"",""ResourceType"":""DataFactory"",""Subscription"":""IPTIQADATA DEV""}",Azure_DataFactory_DP_LinkSvc_Encrypt_In_Transit,Open,,SPP-27923,07/14/2020 04:25 UTC,10/29/2020 05:19 UTC,,,,,,
AzSK,IPTIQADATA,NonProd,High,S1VT7V,S97CAF,iptiQ_Americas,"{""ResourceGroup"":""iptiqa-sage-preprod-eus2-etl-rg"",""ResourceName"":""iptiqa-sage-inc-datafactory-medsupp-clover-PREPROD"",""ResourceType"":""DataFactory"",""Subscription"":""IPTIQADATA NONPROD""}",Azure_DataFactory_DP_LinkSvc_Encrypt_In_Transit,Open,,SPP-23117,06/24/2020 04:07 UTC,10/29/2020 05:16 UTC,,,,,,
AquaSec Sensor,IPTIQADATA,Prod,High,S1VT7V,S97CAF,iptiQ_Americas,"{""Host"":""azure"",""Name"":""IPTIQ-MICROSVC-PROD-WUS2-AKS""}",Container_Security_Service_Missing,Open,,SPP-28488,07/15/2020 10:00 UTC,10/29/2020 10:00 UTC,,,,,,
AzSK,IPTIQAINFR,NonProd,High,S1VT7V,S1VT7V,iptiQ_Americas,"{""ResourceGroup"":""iptiqa-infnp-test-eus2-lab"",""ResourceName"":""iptiqainfnpeus2te3622"",""ResourceType"":""KeyVault"",""Subscription"":""IPTIQAINFR NONPROD""}",Azure_KeyVault_AuthN_Use_Cert_Auth_for_Apps,Open,,SPP-23253,06/24/2020 04:08 UTC,10/29/2020 05:18 UTC,,,,,,
AzSK,IPTIQAINFR,NonProd,High,S1VT7V,S1VT7V,iptiQ_Americas,"{""ResourceGroup"":""iptiqa-sage-clover-infnp-eus2-rg"",""ResourceName"":""iptiqasageclvrinfnpkv"",""ResourceType"":""KeyVault"",""Subscription"":""IPTIQAINFR NONPROD""}",Azure_KeyVault_AuthN_Use_Cert_Auth_for_Apps,Open,,SPP-23239,06/24/2020 04:08 UTC,10/29/2020 05:18 UTC,,,,,,
AzSK,IPTIQAINFR,Prod,High,S1VT7V,S1VT7V,iptiQ_Americas,"{""ResourceGroup"":""iptiqa-inf-wus2-nttsec-rg"",""ResourceName"":""iptiqainfwus2nttseckv"",""ResourceType"":""KeyVault"",""Subscription"":""IPTIQAINFR PROD""}",Azure_KeyVault_AuthN_Use_Cert_Auth_for_Apps,Open,,SPP-3398,01/16/2020 05:01 UTC,08/13/2020 04:18 UTC,,,,,,
